CREATE SCHEMA EST_CASO_III;

USE EST_CASO_III;

CREATE TABLE IF NOT EXISTS MAQUINAS(
MAQ_COD INT PRIMARY KEY,
MAQ_NOME VARCHAR (50),
MAQ_TEMP_VIDA VARCHAR (40),
MAQ_DATA_COMP DATE,
MAQ_DATA_FIM_GRT DATE
);

CREATE TABLE IF NOT EXISTS REGISTRO_MANUTENÇÃO(
RM_COD INT PRIMARY KEY,
RM_DATA DATE,
RM_DESC TEXT,
RM_MAQ INT,
CONSTRAINT RM_FK_MAQ FOREIGN KEY (RM_MAQ) REFERENCES MAQUINAS(MAQ_COD)
);

CREATE TABLE IF NOT EXISTS PRODUTOS (
PROD_COD INT PRIMARY KEY,
PROD_NOME VARCHAR (45),
PROD_DIMENSOES VARCHAR (45),
PROD_COR VARCHAR(50),
TEMP_FAB_PROD VARCHAR(45),
PROD_EST INT
);

CREATE TABLE IF NOT EXISTS MAQUINAS_PROD(
MAQUINAS_COD INT,
PRODUTOS_COD INT,
PRIMARY KEY (PRODUTOS_COD,MAQUINAS_COD)
TEMP_USO TIME,
CONSTRAINT MAQ_FK FOREIGN KEY (MAQUINAS_COD) REFERENCES MAQUINAS(MAQ_COD),
CONSTRAINT PROD_FK_MAQ FOREIGN KEY (PRODUTOS_COD) REFERENCES PRODUTOS(PROD_COD)

CREATE TABLE IF NOT EXISTS CARGOS (
CARGO_ID INT PRIMARY KEY,
CARGO_NOME VARCHAR(45),
CARGO_FUNÇÃO VARCHAR(45),
CARGO_SALARIO DECIMAL (10,3)
);

CREATE TABLE IF NOT EXISTS TIPO_COMPONENTE(
TICP_ID INT PRIMARY KEY,
TICP_NOME VARCHAR(45),
TICP_QNT DECIMAL (10,3)
);

CREATE TABLE IF NOT EXISTS TIPO_ENDEREÇO (
TIEN_ID INT PRIMARY KEY,
TIEN_NOME VARCHAR (45)
);

CREATE TABLE IF NOT EXISTS ENDEREÇOS (
END_ID INT PRIMARY KEY,
END_RUA VARCHAR(45),
END_BAIRRO VARCHAR(45),
END_NUMRUA VARCHAR(45),
END_UF VARCHAR(45),
END_CIDADE VARCHAR(45),
END_PAIS VARCHAR(45),
END_CEP VARCHAR(45),
END_TIPO INT,
CONSTRAINT END_FK_TIPO FOREIGN KEY (END_TIPO) REFERENCES TIPO_ENDEREÇO(TIEN_ID)
);

CREATE TABLE IF NOT EXISTS EMPRESAS(
EMP_CNPJ VARCHAR (30),
EMP_RAZAOSOCIAL VARCHAR (45),
EMP_ATIVIDADE TEXT,
EMP_NOME VARCHAR (50),
EMP_CONTATO VARCHAR(50),
EMP_ENDEREÇO INT,
CONSTRAINT EMP_FK_END FOREIGN KEY (EMP_ENDEREÇO) REFERENCES ENDEREÇOS (END_ID)
);

CREATE TABLE IF NOT EXISTS TELEFONE_EMP(
TEL_COD INT PRIMARY KEY,
TEL_NUM VARCHR(30),
TEL_EMP,
CONSTRAINT EMP_FK_TEL FOREIGN KEY (TEL_EMP) REFERENCES EMPRESAS (EMP_CNPJ)
);

CREATE TABLE IF NOT EXISTS CLIENTES(
CLI_ID INT PRIMARY KEY,
CLI_DATACAD DATE,
CLI_CONT VARCHAR(11),
CLI_NOME VARCHAR(100),
CLI_EMP INT
CONSTRAINT CLI_FK_EMP FOREIGN KEY (CLI_EMP) REFERENCES EMPRESAS (EMP_CNPJ)
);

CREATE TABLE IF NOT EXISTS ENCOMENDAS(
ENC_COD INT PRIMARY KEY,
ENC_DATA DATE,
ENC_CLI INT,
CONSTRAINT EN_FK_CLIENTE FOREIGN KEY (ENC_CLI) REFERENCES CLIENTES(CLI_ID)
);

CREATE TABLE IF NOT EXISTS PAGAMENTOS(
PAG_ID INT PRIMARY KEY,
PAG_TOTAL DECIMAL(10,3),
PAG_DESC DECIMAL(10,3),
PAG_DATA DATE NOT NULL,
PAG_PARCELAS INT,
PAG_ENC INT,
CONSTRAINT PAG_FK_ENCOMENDAS FOREIGN KEY (PAG_ENC) REFERENCES ENCOMENDAS(ENC_COD)
);

CREATE TABLE IF NOT EXISTS ENDEREÇO_CLIENTE (
ENDC_ID INT PRIMARY KEY,
ENDC_RUA VARCHAR(45),
ENDC_BAIRRO VARCHAR(45),
ENDC_NUMRUA VARCHAR(45),
ENDC_UF VARCHAR(45),
ENDC_CIDADE VARCHAR(45),
ENDC_PAIS VARCHAR(45),
ENDC_CEP VARCHAR(45),
ENDC_TIPO INT,
ENDC_CLI INT,
CONSTRAINT END_FK_TIPO FOREIGN KEY (ENDC_TIPO) REFERENCES TIPO_ENDEREÇO(TIEN_ID),
CONSTRAINR END_FK_CLI FOREIGN KEY (END_CLI) REFERENCES CLIENTES(CLI_ID)
);

CREATE TABLE IF NOT EXISTS EMPREGADOS(
EMP_MATRICULA INT PRIMARY KEY,
EMP_NOME VARCHAR(100),
EMP_CPF VARCHAR(30),
EMP_ADIM DATE,
EMP_QUAL VARCHAR (45),
EMP_CARGO INT,
EMP_ENDEREÇO INT,
CONSTRAINT EMP_FK_CAR FOREIGN KEY (EMP_CARGO) REFERENCES CARGOS (CARGO_ID),
CONSTRAINT EMP_FK_ENDEREÇO FOREIGN KEY (EMP_ENDEREÇO) REFERENCES ENDEREÇOS (END_ID)
);

CREATE TABLE IF NOT EXISTS PRODUTOS_ENCOMENDAS
PDEN_PROD_COD INT,
PDEN_ENC_COD INT,
PRIMARY KEY (PDEN_PROD_COD,PDEN_ENC_COD)
PDEN_QUANT DECIMAL (10,3)
CONSTRAINT PROD_FK FOREIGN KEY (PDEN_PROD_COD) REFERENCES PRODUTOS(PROD_COD),
CONSTRAINT ENC_FK FOREIGN KEY (PDEN_ENC_COD) REFERENCES ENCOMENDAS (ENC_COD)
);

CREATE TABLE IF NOT EXISTS PRODUTOS_EMPREGADOS
EMPREGADO_COD INT,
PRODUTO_ID INT,
PRIMARY KEY (EMPREGADO_COD,PRODUTO_ID),
PREM_HORAS TIME,
CONSTRAINT EMP_FK_PROD FOREIGN KEY (EMPREGADO_COD) REFERENCES EMPREGADOS (EMP_MATRICULA),
CONSTRAINT PROD_FK_EMP FOREIGN KEY (PRODUTO_ID) REFERENCES PRODUTOS (PROD_COD)
);

CREATE TABLE IF NOT EXISTS RECURSOS_ESPEC(
REC_PROD INT PRIMARY KEY,
REC_QTS INT, 
REC_UND VARCHAR (45),
REC_HORAS TIME,
CONSTRAINT PROD_FK_REC FOREIGN KEY (REC_PROD) REFERENCES PRODUTOS (PROD_COD)
);

CREATE TABLE IF NOT EXISTS COMPONENTES(
COMP_ID INT PRIMARY KEY,
COMP_NOME VARCHAR(50),
COMP_UNIDADE VARCHAR (50),
COMP_ESTOQUE VARCHAR (45),
COMP_TIPO INT,
CONSTRAINT COMP_TIP FOREIGN KEY (COMP_TIPO) REFERENCES TIPO_COMPONENTE (TICP_ID)
);

CREATE TABLE IF NOT EXISTS PRODUTOS_COMPONENTES (
PRCOM_PRODUTOS INT,
PRCOM_COMPONENTE INT,
PRCOM_QUANTIDADE INT,
PRIMARY KEY (PRCOM_PRODUTOS,PRCOM_COMPONENTE),
CONSTRAINT PROCOM_FK FOREIGN KEY (PRCOM_PRODUTOS) REFERENCES PRODUTOS (PROD_COD),
CONSTRAINT COMPR_FK FOREIGN KEY (PRCOM_COMPONENTE) REFERENCES COMPONENTES(COMP_ID)
);

CREATE TABLE IF NOT EXISTS FORNECEDORES(
FORN_ID INT PRIMARY KEY,
FORN_PESSO VARCHAR(45),
FORN_NMR_CONT VARCHAR(40),
FORN_EMP INT,
CONSTRAINT FORN_FK_EMP FOREIGN KEY (FORN_EMP) REFERENCES EMPRESAS (EMP_CNPJ)
);

CREATE TABLE IF NOT EXISTS COMPONENTES_FORNECEDORES(
COMPFR_COD INT,
FRCOD_CO INT,
PRIMARY KEY (COMPFR_COD,FRCOD_CO),
COFR_PREÇO DECIMAL (10,3),
CONSTRAINT COMP_FK_COD FOREIGN KEY (COMPFR_COD) REFERENCES COMPONENTES(COMP_ID),
CONSTRAINT FORN_FK_COD FOREIGN KEY (FRCOD_CO) REFERENCES FORNECEDORES(FORN_ID)
);

CREATE TABLE IF NOT EXISTS REGISTRO_RESSUPRIMENTO(
REG_COD INT PRIMARY KEY,
REG_DATA DATE,
REG_QNT_NECES DECIMAL(8,3),
REG_COMP INT,
REG_FORN INT, 
CONSTRAINT COMP_FK_REGISTRO FOREIGN KEY (REG_COMP) REFERENCES COMPONENTES(COMP_ID),
CONSTRAINT FORN_FK_REGISTRO FOREIGN KEY (REG_FORN) REFERENCES FORNECEDORES(FORN_ID)
);

CREATE TABLE IF NOT EXISTS TELEFONE_EMPREGADO(
TLEM_COD INT PRIMARY KEY,
TLEM_NUM VARCHAR(30),
TLEM_EMPREGADO,
CONSTRAINT TEL_FK_EMP FOREIGN KEY (TLEM_EMPREGADO) REFERENCES EMPREGADOS (EMP_MATRICULA)
);


--------------------------------------------------------------------------------------------------------------------------------------


#INSERT MAQUINAS

INSERT INTO MAQUINAS (MAQ_COD, MAQ_NOME, MAQ_TEMP_VIDA, MAQ_DATA_COMP, MAQ_DATA_FIM_GRT) 
VALUES
(24, 'AB58', '10 anos', '2015-06-10', '2025-06-10'),
(56, 'AC41', '7 anos', '2017-03-15', '2024-03-15'),
(41, 'PO90', '15 anos', '2010-11-20', '2025-11-20'),
(84, 'LI55', '5 anos', '2020-01-01', '2025-01-01'),
(63, 'MP57 E', '20 anos', '2005-08-25', '2025-08-25');

#UPDATES MAQUINAS

UPDATE MAQUINAS
SET MAQ_NOME = 'AC42'
WHERE MAQ_NOME = 'AC41';

UPDATE MAQUINAS
SET MAQ_NOME = 'LI56'
WHERE MAQ_NOME = 'LI55';

#DELETE MAQUINAS

DELETE FROM MAQUINAS
WHERE MAQ_COD = 24;

#INSERT REGISTRO_MANUTENÇÃO

INSERT INTO REGISTRO_MANUTENÇÃO (RM_COD, RM_DATA, RM_DESC, RM_MAQ)
VALUES
(250, '2024-09-15', 'Manutenção na parte mecânica', 24),
(570, '2024-10-17', 'Manuetenção na ventilação', 56),
(410, '2024-11-04', 'Manutenção de rotina', 41),
(940, '2024-04-08', 'Manutenção de fios', 84),
(750, '2024-06-04', 'Manutenção de sistema', 63);

#UPDATE REGISTRO_MANUTENÇÃO

UPDATE REGISTRO_MANUTENÇÃO
SET RM_DATA = '2024-04-09'
WHERE RM_DATA = '2024-04-08';

UPDATE REGISTRO_MANUTENÇÃO
SET RM_DESC = 'Manutenção de rotina 2'
WHERE RM_DESC = 'Manutenção de rotina';

#DELETE  REGISTRO_MANUTENÇÃO

DELETE FROM REGISTRO_MANUTENÇÃO
WHERE RM_COD = '750';

#INSERT PRODUTOS

INSERT INTO PRODUTOS (PROD_COD, PROD_NOME, PROD_DIMENSOES, PROD_COR, TEMP_FAB_PROD, PROD_EST)
VALUES
(15, 'Monitor', '80x05x50 cm', 'Preto', '30 dias', 100),
(23, 'Teclado gamer', '15x04x30 cm', 'vermelho', '10 dias', 500),
(36, 'Fio de led', '220x03x30 cm', 'RGB', '5 dias', 2000),
(49, 'Mousepad', '30x03x40 cm', 'Amwarelo', '10 dias', 300),
(78, 'Caixa de som', '60x35x5 cm', 'cinza', '20 dias', 150);

#UPDATE PRODUTOS

UPDATE PRODUTOS
SET PROD_COR = 'COLORIDO'
WHERE PROD_COR = 'RGB';

UPDATE PRODUTOS
SET PROD_EST = 200
WHERE PROD_EST = 150;

#DELETE PRODUTOS

DELETE FROM PRODUTOS
WHERE PROD_COD = 78;

#INSERT TIPO_ENDEREÇO

INSERT INTO TIPO_ENDEREÇO (TIEN_ID, TIEN_NOME)
VALUES
(44, 'Residencial'),
(68, 'Comercial'),
(17, 'Industrial'),
(67, 'Rural'),
(26, 'Governamental');

#UPDATE TIPO_ENDEREÇO

UPDATE TIPO_ENDEREÇO
SET TIEN_NOME = 'Logadouro'
WHERE TIEN_NOME = 'Governamental';

UPDATE TIPO_ENDEREÇO
SET TIEN_COD = 24
WHERE TIEN_COD = 26;

#DELETE TIPO_ENDEREÇO

DELETE FROM TIPO_ENDEREÇO
WHERE TIEN_COD = 17;

#INSERT MAQUINAS_PROD

INSERT INTO MAQUINAS_PROD (MAQUINAS_COD, PRODUTOS_COD, TEMP_USO)
VALUES
(24, 15, '02:30:00'),
(56, 23, '01:45:00'),
(41, 36, '04:00:00'),
(84, 49, '03:30:00'),
(63, 78, '01:00:00');

#UPDATE MAQUINAS_PROD

UPDATE MAQUINAS_PROD
SET TEMP_USO = '01:30:00'
WHERE TEMP_USO = '01:00:00';

UPDATE MAQUINAS_PROD
SET TEMP_USO = '03:40:00'
WHERE TEMP_USO = '03:30:00';

#DELETE MAQUINAS_PROD

DELETE FROM MAQUINAS_PROD
WHERE TEMP_USO = '01:45:00';

#INSERT CARGOS

INSERT INTO CARGOS (CARGO_ID, CARGO_NOME, CARGO_FUNÇÃO, CARGO_SALARIO)
VALUES
(18, 'Analista de sistemas', 'testar os sistemas', 2500.00),
(27, 'Supervisor de máquinas', 'Supervisionar a produção diária', 6000.00),
(33, 'Gerente de vendas', 'Gerenciar a área de vendas', 4000.00),
(46, 'Analista de RH', 'Auxiliar nas funções de recursos humanos', 3500.00),
(59, 'Supervisor de Marketing', 'Supervisionar as atividades de marketing', 5500.00);

#UPDATE CARGOS

UPDATE CARGOS
SET CARGOS_ID = 31
WHERE CARGOS_ID = 33;

UPDATE CARGOS
SET CARGOS_NOME = 'Auxiliar de RH'
WHERE CARGOS_NOME = 'Analista de RH';

#DELETE CARGOS

DELETE FROM CARGOS
WHERE CARGOS_ID = 59;

#INSERT TIPO_COMPONENTE

INSERT INTO TIPO_COMPONENTE (TICP_ID, TICP_NOME, TICP_QNT)
VALUES
(18, 'Elétrico', 500.00),
(63, 'Mecânico', 300.00),
(17, 'Mecânico', 100.00),
(38, 'Mecânico', 200.00),
(59, 'Elétrico', 500.00);

#UPDATE TIPO_COMPONENTE

UPDATE TIPO_COMPONENTE
SET TICP_NOME = 'Tipo Elétrico'
WHERE TICP_NOME = 'Elétrico';

UPDATE TIPO_COMPONENTE
SET TICP_NOME = 'Tipo Mecânico'
WHERE TICP_NOME = 'Mecânico';

#DELETE TIPO_COMPONENTE

DELETE FROM TIPO_COMPONENTE
WHERE TICP_QNT = 200.00;

#INSERT ENDEREÇOS

INSERT INTO ENDEREÇOS (END_ID, END_RUA, END_BAIRRO, END_NUMRUA, END_UF, END_CIDADE, END_PAIS, END_CEP, END_TIPO)
VALUES
(41, 'Rua das Flores', 'Vila Bethânia', '870', 'ES', 'Caraíva', 'Brasil', '29143-526', 68),
(42, 'Av. Nossa senhora', 'Colina', '674', 'AM', 'Rio das ostras', 'Brasil', '39145-623', 44),
(53, 'Rua Duas', 'São Geraldo', '789', 'MS', 'Horizonte', 'Brasil', '568963-004', 17),
(34, 'Rua dos sapos', 'Rosa da Penha', '633', 'MT', 'São tomé das letras', 'Brasil', '524817-633', 67),
(35, 'Rua limeira', 'Limoreiro', '125', 'BH', 'Cariacica', 'Brasil', '871452-410', 26);

#UPDATE ENDEREÇOS

UPDATE ENDEREÇOS
SET END_BAIRRO = 'Colina de Laranjeiras'
WHERE END_BAIRRO = 'Colina';

UPDATE ENDEREÇOS
SET END_NUMRUA = '874'
WHERE END_NUMRUA = '870';

#DELETE ENDEREÇOS

DELETE FROM ENDEREÇOS
WHERE END_ID = 41;

#INSERT EMPRESAS

INSERT INTO EMPRESAS (EMP_CNPJ, EMP_RAZAOSOCIAL, EMP_ATIVIDADE, EMP_NOME, EMP_CONTATO, EMP_ENDEREÇO)
VALUES
('64.574.678/0001-90', 'Indústria de Eltromecânica LTDA', 'Fabricação de materiais eletricos', 'eletrotec', 'eletrotec@gmail.com', 41),
('99.257.789/0001-01', 'Viação do Transporte LTDA', 'Transporte de pessoas e animais', 'Águia Branca', 'aguianbranca@gmail.com', 42),
('34.545.890/0001-12', 'Comércio de Grãos SA', 'Comércio de alimentos de grãos', 'Comercial Alimentos', 'alimentoscomercial@gmail.com', 53),
('47.555.901/0001-23', 'Auto Socorro LTDA', 'Socorro mêcanico e guincho', 'Socorro do Zé', 'autosocorro@gmail.com', 34),
('56.862.012/0001-34', 'Metal Mecâncina SA', 'Construção industrial', 'Imetame', 'imetame@gmail.com', 35);

#UPDATE EMPRESAS

UPDATE EMPRESAS
SET EMP_CNPJ = '99.257.749/0001-01'
WHERE EMP_CNPJ = '99.257.789/0001-01';

UPDATE EMPRESAS
SET EMP_CONTATO = 'socorro@gmail.com'
WHERE EMP_CONTATO = 'autosocorro@gmail.com';

#DELETE EMPRESAS

DELETE FROM EMPRESAS
WHERE EMP_CNPJ = '56.862.012/0001-34';


#INSERT TELEFONE_EMP

INSERT INTO TELEFONE_EMP (TEL_COD, TEL_NUM, TEL_EMP)
VALUES
(74, '11 99852-8977', '64.574.678/0001-90'),
(69, '31 98745-9045', '99.257.789/0001-01'),
(12, '27 99802-9163', '34.545.890/0001-12'),
(82, '51 4004-9292', '47.555.901/0001-23'),
(46, '28 99345-9722', '56.862.012/0001-34');

#UPDATE TELEFONE_EMP

UPDATE TELEFONE_EMP
SET TEL_COD = 45
WHERE TEL_COD = 46;

UPDATE TELEFONE_EMP
SET TEL_COD = 86
WHERE TEL_COD = 82;

#DELETE TELEFONE_EMP

DELETE FROM TELEFONE_EMP
WHERE TEL_NUM = '27 99802-9163';

#INSERT CLIENTES

INSERT INTO CLIENTES (CLI_ID, CLI_DATACAD, CLI_CONT, CLI_NOME, CLI_EMP)
VALUES
(21, '2024-05-01', '27 98741-2415', 'Luccas Lucco', '64.574.678/0001-90'),
(84, '2024-06-16', '21 99543-6854', 'Anitta Duarte', '99.257.789/0001-01'),
(37, '2023-11-12', '33 98257-3215', 'Henrique Silva', '34.545.890/0001-12'),
(49, '2014-08-22', '28 99414-9872', 'Mateus Tedor', '47.555.901/0001-23'),
(75, '2021-10-05', '31 99745-1452', 'Ludimilla Castro', '56.862.012/0001-34');

#UPDATE CLIENTES

UPDATE CLIENTES
SET CLI_ID = 87
WHERE CLI_ID = 84;

UPDATE CLIENTES
SET CLI_ID = 22
WHERE CLI_ID = 21;

#DELETE CLIENTES

DELETE FROM CLIENTES
WHERE CLI_NOME = 'Mateus Tedor';

#INSERT ENCOMENDAS

INSERT INTO ENCOMENDAS (ENC_COD, ENC_DATA, ENC_CLI)
VALUES
(900, '2020-10-01', 21),
(244, '2022-11-08', 84),
(374, '2024-09-14', 37),
(436, '2023-07-18', 49),
(541, '2021-06-20', 75);

#UPDATE ENCOMENDAS

UPDATE ENCOMENDAS 
SET ENC_DATA = '2022-07-19'
WHERE ENC_DATA = '2023-07-18';

UPDATE ENCOMENDAS
SET ENC_DATA = '2021-09-20'
WHERE ENC_DATA = '2021-06-20';

#INSERT PAGAMENTOS

INSERT INTO PAGAMENTOS (PAG_ID, PAG_TOTAL, PAG_DESC, PAG_DATA, PAG_PARCELAS, PAG_ENC)
VALUES
(145, 4725.00, 652.00, '2021-10-06', 6, 900),
(272, 4528.00, 421.00, '2022-11-13', 8, 244),
(395, 2584.00, 652.00, '2024-09-19', 36, 374),
(442, 2647.00, 277.00, '2024-07-21', 7, 436),
(568, 3418.00, 522.00, '2024-06-27', 15, 541);

#UPDATE PAGAMENTOS

UPDATE PAGAMENTOS
SET PAG_DESC = 654.00
WHERE PAG_DESC = 652.00;

UPDATE PAGAMENTOS
SET PAG_PARCELAS = 8
WHERE PAG_PARCELAS = 7;

#DELETE PAGAMENTOS

DELETE FROM PAGAMENTOS
WHERE PAG_DESC = 277.00;

#INSERT ENDEREÇO_CLIENTE

INSERT INTO ENDEREÇO_CLIENTE (ENDC_ID, ENDC_RUA, ENDC_BAIRRO, ENDC_NUMRUA, ENDC_UF, ENDC_CIDADE, ENDC_PAIS, ENDC_CEP, ENDC_TIPO, ENDC_CLI)
VALUES
(5631, 'Rua das Flores', 'Cristovão', '59', 'BH', 'Cariacica', 'Brasil', '29145-364', 44, 21),
(5412, 'Av. Cristovão Colombo', 'Vila de Novais', '956', 'MT', 'Vila Velha', 'Brasil', '29145-741', 68, 84),
(5246, 'Rua das Tulipas', 'Parque Industrial', '745', 'ES', 'Vitória', 'Brasil', '29654-635', 17, 37),
(2164, 'Rua dos Ipês', 'Damasco', '855', 'RJ', 'Serra', 'Brasil', '29875-002', 67, 49),
(6125, 'Rua 25', 'Itapemirim', '642', 'AP', 'Cachoeiro', 'Brasil', '2914-556', 26, 75);

#UPDATE ENDEREÇO_CLIENTE

UPDATE ENDEREÇO_CLIENTE
SET ENDC_ID = 5634
WHERE ENDC_ID = 5631;

UPDATE ENDEREÇO_CLIENTE
SET ENDC_ID = 2163
WHERE ENDC_ID = 5631;

#DELETE ENDEREÇO_CLIENTE;

DELETE FROM ENDEREÇO_CLIENTE
WHERE ENDC_ID = '6125';

#INSERT EMPREGADOS

INSERT INTO EMPREGADOS (EMP_MATRICULA, EMP_NOME, EMP_CPF, EMP_ADIM, EMP_QUAL, EMP_CARGO, EMP_ENDEREÇO)
VALUES
(1051, 'Matue souza', '654.982.789-00', '2023-06-15', 'Operador', 18, 41),
(1502, 'Wiu Porto', '652.564.890-25', '2022-11-01', 'Supervisor', 27, 42),
(1703, 'Ariana Costa', '624.282.901-34', '2021-08-20', 'Gerente', 33, 53),
(1054, 'Aline Ferreira', '642.789.012-99', '2020-12-05', 'Analista', 46, 34),
(1095, 'Laissy Oliveira', '985.890.123-66', '2019-10-10', 'Assistente', 59, 35);

#UPDATE EMPREGADOS

UPDATE EMPREGADOS
SET EMP_MATRICULA = 1094
WHERE EMP_MATRICULA - 1095;

UPDATE EMPREGADOS
SET EMP_NOME = 'Matue Souza'
WHERE EMP_NOME = 'Matue souza';

#DELETE EMPREGADOS

DELETE FROM EMPREGADOS
WHERE EMP_NOME = 'Laissy Oliveira';

#INSERT PRODUTOS_ENCOMENDAS

INSERT INTO PRODUTOS_ENCOMENDAS (PDEN_PROD_COD, PDEN_ENC_COD, PDEN_QUANT)
VALUES
(15, 900, 41.000),
(23, 244, 67.000),
(36, 374, 82.000),
(49, 436, 64.000),
(78, 541, 27.000);

#UPDATE PRODUTOS_ENCOMENDAS

UPDATE PRODUTOS_ENCOMENDAS
SET PDEN_QUANT = 82.500
WHERE PDEN_QUANT = 82.000;

UPDATE PRODUTOS_ENCOMENDAS
SET PDEN_QUANT = 27.410
WHERE PDEN_QUANT = 27.000;

#DELETE PRODUTOS_ENCOMENDAS

DELETE FROM PRODUTOS_ENCOMENDAS
WHERE PDEN_QUANT = 64.000;

#INSERT PRODUTOS_EMPREGADOS

INSERT INTO PRODUTOS_EMPREGADOS (EMPREGADO_COD, PRODUTO_ID, PREM_HORAS)
VALUES
(1051, 15, '07:30:00'),
(1502, 23, '06:40:00'),
(1703, 36, '11:00:00'),
(1054, 49, '04:20:00'),
(1095, 78, '10:30:00');

#UPDATE PRODUTOS_EMPREGADOS

UPDATE PRODUTOS_EMPREGADOS
SET PREM_HORAS = '10:30:30'
WHERE PREM_HORAS = '11:00:00';

UPDATE PRODUTOS_EMPREGADOS
SET PREM_HORAS = '10:30:11'
WHERE PREM_HORAS = '06:40:00';

#DELETE PRODUTOS_EMPREGADOS

DELETE FROM PRODUTOS_EMPREGADOS
WHERE PREM_HORAS = '04:20:00';

#INSERT RECURSOS_ESPEC

INSERT INTO RECURSOS_ESPEC (REC_PROD, REC_QTS, REC_UND, REC_HORAS)
VALUES
(15, 130, 'gramas', '02:30:00'),
(23, 220, 'Kg', '03:20:00'),
(36, 150, 'Metros', '04:40:00'),
(49, 50, 'Metros', '01:40:00'),
(78, 80, 'kg', '02:20:00');

#UPDATE RECURSOS_ESPEC

UPDATE RECURSOS_ESP
SET REC_QTS = 225
WHERE REC_QTS = 220;

UPDATE RECURSOS_ESP
SET REC_UND = 'G'
WHERE REC_UND = 'Gramas';

#DELETE RECURSOS_ESP

DELETE FROM RECURSOS_ESP
WHERE REC_HORAS = '04:40:00';

#INSERT COMPONENTES

INSERT INTO COMPONENTES (COMP_ID, COMP_NOME, COMP_UNIDADE, COMP_ESTOQUE, COMP_TIPO)
VALUES
(158, 'Led', '45', '1582', 18),
(623, 'Parafuso', '92', '5424', 63),
(167,'Fio de solda','21','64120',17 ),
(383, 'Fio de solda', '24', '5212', 38),
(595, 'Placa de vídeo', '50', '3251', 59);

#UPDATE COMPONENTES

UPDATE COMPONENTES
SET COMP_ID = '168'
WHERE COMP_ID = '167';

UPDATE COMPONENTES
SET COMP_ESTOQUE = '6412'
WHERE COMP_ESTOQUE = '64120';

#DELETE COMPONENTES

DELETE FROM COMPONENTES
WHERE COMP_NOME = 'Parafuso';

#INSERT PRODUTOS_COMPONENTES

INSERT INTO PRODUTOS_COMPONENTES (PRCOM_PRODUTOS, PRCOM_COMPONENTE, PRCOM_QUANTIDADE)
VALUES
(15, 158, 114.3),
(23, 623, 452.6),
(36, 167, 748.6),
(49, 383, 714.3),
(78, 595, 436.3);

#UPDATE PRODUTOS_COMPONENTES

UPDATE PRODUTOS_COMPONENTES
SET PRCOM_QUANTIDADE = '714.00'
WHERE PRCOM_QUANTIDADE = '714.3';

UPDATE PRODUTOS_COMPONENTE
SET PRCOM_QUANTIDADE = '436.0'
WHERE PRCOM_QUANTIDADE = '436.3';

#DELETE PRODUTOS_COMPONENTES

DELETE FROM PRODUTOS_COMPONENTES
WHERE PRCOM_QUANTIDADE = '748.6';

#INSERT FORNECEDORES

INSERT INTO FORNECEDORES (FORN_ID, FORN_PESSO, FORN_NMR_CONT, FORN_EMP)
VALUES
(978, 'Juliana Silva', '27 99685-8874', '64.574.678/0001-90'),
(245, 'Katia Souza', '27 94758-5876', '99.257.789/0001-01'),
(543, 'José Schinneder', '28 94172-6354', '34.545.890/0001-12'),
(464, 'Caio Castro', '28 93512-2159', '47.555.901/0001-23'),
(518, 'Fabiano Luise', '28 52418-9857', '56.862.012/0001-34');

#UPDATE FORNECEDORES

UPDATE FORNECEDORES
SET FORN_ID = 466
WHERE FORN_ID = 464;

UPDATE FORNECEDORES
SET FORN_ID = 519
WHERE FORN_ID = 518;

#DELETE FORNECEDORES

DELETE FROM FORNECEDORES
WHERE FRON_ID = 543;

#INSERT COMPONENTES_FORNECEDORES

INSERT INTO COMPONENTES_FORNECEDORES (COMPFR_COD, FRCOD_CO, COFR_PREÇO)
VALUES
(158, 978, 100.50),
(623, 245, 40.80),
(167, 543, 5.00),
(383, 464, 110.00),
(595, 518, 363.00);

#UPDATE COMPONENTES_FORNECEDORES

UPDATE COMPONENTES_FORNECEDORES
SET COFR_PREÇO = 5.50
WHERE COFR_PREÇO = 5.00;

UPDATE COMPONENTES_FORNECEDORES
SET COFR_PREÇO = 363.60
WHERE COFR_PREÇO = 363.60;

#DELETE COMPONENTES_FORNECEDORES

DELETE FROM COMPONENTES_FORNECEDORES
WHERE COFR_PREÇO = 100.50;

#INSERT REGISTRO_RESSUPRIMENTO

INSERT INTO REGISTRO_RESSUPRIMENTO (REG_COD, REG_DATA, REG_QNT_NECES, REG_COMP, REG_FORN)
VALUES
(643, '2024-09-18', 500.000, 158, 978),
(426, '2024-11-07', 200.000, 623, 245),
(398, '2024-04-13', 100.000, 167, 543),
(328, '2024-11-12', 50.000, 383, 464),
(453, '2024-02-20', 300.000, 595, 518);

#UPDATE REGISTRO_RESSUPRIMENTO

UPDATE REGISTRO_RESSUPRIMENTO
SET REG_COD = 399
WHERE REG_COD = 398;

UPDATE REGISTRO_RESSUPRIMENTO
SET REG_DATA = '2024-10-12'
WHERE REG_DATA = '2024-11-12';

#DELETE REGISTRO_RESSUPRIMENTO

DELETE FROM REGISTRO_RESSUPRIMENTO
WHERE REG_COD = 453;

#INSERT TELEFONE_EMPREGADO

INSERT INTO TELEFONE_EMPREGADO (TLEM_COD, TLEM_NUM, TLEM_EMPREGADO)
VALUES
(85, '27 99874-4612', 1051),
(55, '27 98745-7643', 1502),
(98, '27 98510-4178', 1703),
(46, '28 98522-3652', 1054),
(65, '28 99572-462', 1095);

#UPDATE TELEFONE_EMPREGADO

UPDATE TELEFONE_EMPREGADO
SET TEL_COD = 49
WHERE TEL_COD = 46;

UPDATE TELEFONE_EMPREGADO
SET TEL_COD = 62
WHERE TEL_COD = 65;

#DELETE TELEFONE_EMPREGADO

DELETE FROM TELEFONE_EMPREGADO
WHERE TEL_COD = 98;
